ts,pt,pc,temp,q,choke
2013-07-08,0.0,0.0,0.0,0.0,0.0
2013-07-09,0.0,0.0,0.0,0.0,0.0
2013-07-10,,,,0.0,
2013-07-11,0.0,0.0,0.0,0.0,0.0
2013-07-12,,,,0.0,
2013-07-13,0.0,0.0,0.0,0.0,0.0
2013-07-14,0.0,0.0,0.0,0.0,0.0
2013-07-15,0.0,0.0,0.0,0.0,0.0
2013-07-16,0.0,0.0,0.0,0.0,0.0
2013-07-17,0.0,0.0,0.0,0.0,0.0
2013-07-18,0.0,0.0,0.0,0.0,0.0
2013-07-19,0.0,0.0,0.0,0.0,0.0
2013-07-20,0.0,0.0,0.0,0.0,0.0
2013-07-21,0.0,0.0,0.0,0.0,0.0
2013-07-22,0.0,0.0,0.0,0.0,0.0
2013-07-23,,,,0.0,1.1
2013-07-24,406.8,41.8,18.2,98.0,3.3
2013-07-25,1481.1,282.3,37.0,3847.0,8.5
2013-07-26,,,,4640.0,9.4
2013-07-27,,,,4754.0,9.3
2013-07-28,0.0,0.0,0.0,318.0,2.5
2013-07-29,0.0,0.0,0.0,664.0,2.5
2013-07-30,,,,5504.0,9.8
2013-07-31,1371.5,312.6,56.0,1028.0,2.5
2013-08-01,12.3,0.0,18.8,0.0,0.0
2013-08-02,11.9,0.0,16.4,0.0,0.0
2013-08-03,1399.6,24.0,41.0,3134.0,6.1
2013-08-04,1395.3,251.0,52.5,5694.0,10.0
2013-08-05,1385.3,359.0,55.2,5660.0,9.8
2013-08-06,1378.5,409.9,57.2,5684.0,9.9
2013-08-07,1374.1,320.3,58.4,5659.0,9.8
2013-08-08,1370.8,320.2,58.6,5632.0,9.8
2013-08-09,1367.7,336.3,57.7,5728.0,9.9
2013-08-10,1364.2,352.2,58.4,5721.0,9.9
2013-08-11,1362.9,365.2,58.2,5654.0,9.9
2013-08-12,1361.3,377.4,58.8,5617.0,9.8
2013-08-13,1356.9,386.1,58.6,5654.0,9.9
2013-08-14,1352.2,399.5,58.8,5598.0,9.8
2013-08-15,1350.0,405.7,57.5,5614.0,9.8
2013-08-16,1332.2,344.2,58.6,5735.0,9.9
2013-08-17,1326.3,308.1,57.5,5840.0,10.1
2013-08-18,1333.4,294.7,56.5,5594.0,9.8
2013-08-19,1316.3,333.7,60.1,5599.0,9.9
2013-08-20,1319.9,334.1,59.5,5512.0,9.8
2013-08-21,1317.8,343.0,59.9,5654.0,10.1
2013-08-22,1316.8,345.3,60.8,5603.0,10.0
2013-08-23,1316.6,348.6,60.1,5618.0,10.1
2013-08-24,1316.2,350.4,59.1,5580.0,10.1
2013-08-25,1316.9,356.7,60.0,5555.0,10.1
2013-08-26,1317.3,360.9,60.2,5557.0,10.1
2013-08-27,1322.8,361.8,58.3,3841.0,8.4
2013-08-28,1648.6,0.0,26.8,0.0,1.3
2013-08-29,1394.3,0.0,18.6,0.0,1.2
2013-08-30,1635.6,0.0,18.4,0.0,1.1
2013-08-31,1653.2,0.0,17.3,0.0,1.2
2013-09-01,1663.7,0.0,16.4,0.0,1.2
2013-09-02,1482.6,0.0,23.8,94.0,1.6
2013-09-03,1358.1,50.0,50.0,5176.0,9.5
2013-09-04,1342.1,182.5,55.4,5335.0,9.6
2013-09-05,1315.4,257.1,58.4,5559.0,9.8
2013-09-06,1279.4,337.8,61.9,6242.0,10.2
2013-09-07,1276.4,359.0,61.8,6207.0,10.2
2013-09-08,1276.7,374.7,62.5,6127.0,10.2
2013-09-09,1278.6,381.0,62.6,5978.0,9.9
2013-09-10,1278.2,380.7,61.7,6024.0,10.2
2013-09-11,1278.3,392.9,62.1,5950.0,10.2
2013-09-12,1273.2,245.4,61.9,4467.0,8.3
2013-09-13,4.0,0.0,18.4,0.0,1.1
2013-09-14,1301.9,0.0,44.3,1666.0,3.3
2013-09-15,1267.9,59.7,54.6,5318.0,10.1
2013-09-16,1259.1,125.4,57.5,5164.0,9.4
2013-09-17,1254.2,166.2,58.8,5690.0,10.0
2013-09-18,1225.2,197.4,62.1,2644.0,5.4
2013-09-20,1290.6,16.3,48.9,3407.0,6.8
2013-09-21,1259.5,76.6,56.1,1732.0,5.0
2013-09-22,1273.9,63.6,54.7,5605.0,9.7
2013-09-23,1255.1,168.7,62.2,5825.0,10.2
2013-09-24,1252.7,193.0,62.5,6217.0,10.4
2013-09-25,1261.6,188.0,61.8,6037.0,10.1
2013-09-26,1250.8,205.3,62.5,6128.0,10.2
2013-09-27,1253.6,211.0,62.6,1749.0,4.5
2013-09-28,1240.0,33.0,52.7,2105.0,5.8
2013-09-29,1234.6,159.3,60.4,6338.0,10.4
2013-09-30,1229.1,210.7,61.5,6524.0,10.4
2013-10-01,1229.2,220.5,60.8,6520.0,10.4
2013-10-02,1228.8,224.5,60.4,6818.0,10.4
2013-10-03,1228.2,227.3,59.7,6825.0,10.4
2013-10-04,1228.7,233.8,60.5,6805.0,10.5
2013-10-05,1227.8,240.1,62.9,6705.0,10.3
2013-10-06,1215.9,252.5,60.9,6809.0,10.4
2013-10-07,1214.1,253.5,59.9,6815.0,10.3
2013-10-08,1212.4,256.2,61.5,6814.0,10.5
2013-10-09,1207.2,258.7,63.1,6861.0,10.6
2013-10-10,1200.7,262.4,62.9,6915.0,10.7
2013-10-11,1187.3,270.6,63.6,3574.0,8.4
2013-10-12,1264.4,6.8,45.5,2070.0,4.6
2013-10-13,1184.6,175.1,62.0,6440.0,10.4
2013-10-14,1191.2,234.8,62.4,6490.0,10.5
2013-10-15,1192.9,246.4,63.1,6545.0,10.4
2013-10-16,1193.9,249.9,63.4,6539.0,10.4
2013-10-17,1194.3,251.5,63.0,6564.0,10.3
2013-10-18,1194.9,258.6,63.2,6637.0,10.5
2013-10-19,1194.8,258.6,61.5,6665.0,10.6
2013-10-20,1195.2,257.3,59.9,6668.0,10.4
2013-10-21,1196.1,258.7,58.6,6725.0,10.6
2013-10-22,1196.3,262.6,60.3,6664.0,10.5
2013-10-23,1196.7,269.1,61.6,6653.0,10.5
2013-10-24,1187.4,275.0,61.7,6806.0,10.6
2013-10-25,1187.0,284.8,62.4,6802.0,10.7
2013-10-26,1190.4,284.4,62.3,6717.0,10.7
2013-10-27,1192.4,273.7,60.0,6652.0,10.4
2013-10-28,1185.8,24.5,46.4,1382.0,3.8
2013-10-29,1163.1,169.1,60.5,3051.0,6.6
2013-10-30,1177.6,35.3,49.5,2192.0,5.1
2013-10-31,1171.0,194.9,58.6,6484.0,10.6
2013-11-01,1154.8,249.1,59.0,6569.0,10.6
2013-11-02,1170.7,255.7,61.3,6541.0,10.6
2013-11-03,1185.5,166.9,55.9,4201.0,8.0
2013-11-04,1169.1,202.5,60.5,6055.0,10.3
2013-11-05,1190.3,236.4,61.0,5948.0,10.3
2013-11-06,1214.1,200.0,57.8,5757.0,9.4
2013-11-07,1179.8,260.2,59.4,6243.0,10.5
2013-11-08,1168.3,203.8,59.3,6402.0,10.5
2013-11-09,1182.9,160.1,62.7,6350.0,10.5
2013-11-10,1172.8,165.0,62.8,6537.0,10.7
2013-11-11,1155.8,181.0,60.4,6738.0,11.0
2013-11-12,1168.0,181.2,61.2,6274.0,10.5
2013-11-13,1184.9,167.4,60.2,6209.0,10.5
2013-11-14,1181.2,174.7,60.7,6330.0,10.5
2013-11-15,1175.9,185.1,60.9,6360.0,10.5
2013-11-16,1172.0,191.2,60.9,6383.0,10.5
2013-11-17,1186.6,183.5,61.5,6268.0,10.5
2013-11-18,1190.2,183.7,61.6,6295.0,10.5
2013-11-19,1194.3,177.2,61.1,6263.0,10.6
2013-11-20,1166.8,208.1,60.3,6693.0,11.0
2013-11-21,1157.3,223.7,63.4,6776.0,11.1
2013-11-22,1158.5,225.9,64.6,6592.0,10.8
2013-11-23,1161.5,223.4,64.6,6590.0,10.9
2013-11-24,1158.3,218.5,63.4,6773.0,11.1
2013-11-25,1158.2,225.4,63.9,6750.0,11.0
2013-11-26,1164.8,220.6,62.8,6611.0,10.9
2013-11-27,1166.2,217.7,63.9,6595.0,10.9
2013-11-28,1166.9,219.4,63.8,6567.0,10.8
2013-11-29,1165.3,219.0,62.0,6603.0,10.9
2013-11-30,1143.7,239.1,64.5,6902.0,11.2
2013-12-01,1135.3,249.8,65.1,6992.0,11.2
2013-12-02,1133.9,250.9,62.4,7262.0,11.3
2013-12-03,1133.9,251.2,63.2,7149.0,11.2
2013-12-04,1126.5,251.3,64.6,7225.0,11.5
2013-12-05,1125.7,243.5,60.8,7151.0,11.3
2013-12-06,1185.8,106.4,47.9,3435.0,7.0
2013-12-07,1106.5,330.5,60.2,6470.0,11.2
2013-12-08,1115.0,354.5,60.7,6468.0,10.9
2013-12-09,1121.3,292.6,56.5,3285.0,7.5
2013-12-10,1150.7,258.1,53.3,4102.0,8.3
2013-12-11,1344.9,31.8,24.3,327.0,1.4
2013-12-12,1131.4,232.6,55.1,6171.0,10.5
2013-12-13,1144.7,306.5,59.9,2159.0,4.4
2013-12-14,1147.8,226.0,53.2,5618.0,10.0
2013-12-15,1148.2,313.5,58.3,6000.0,10.0
2013-12-16,1140.4,336.1,58.4,6697.0,10.5
2013-12-17,1103.2,370.7,60.5,6917.0,11.0
2013-12-18,1098.5,373.9,60.9,7159.0,11.3
2013-12-19,1099.2,375.4,59.5,7126.0,11.3
2013-12-20,1125.0,315.4,54.9,4739.0,9.2
2013-12-21,1115.3,319.3,56.4,6372.0,10.5
2013-12-22,1099.1,369.9,61.3,6933.0,11.1
2013-12-23,1098.3,377.6,61.3,7108.0,11.3
2013-12-24,1093.9,379.9,60.4,7282.0,11.4
2013-12-25,1091.7,382.5,58.6,7215.0,11.2
2013-12-26,1100.4,386.2,60.1,6274.0,10.7
2013-12-27,1138.2,207.0,50.2,3745.0,8.9
2013-12-28,1093.6,342.5,58.5,6719.0,11.1
2013-12-29,1100.2,368.9,64.4,6781.0,11.1
2013-12-30,1101.5,371.2,61.7,6949.0,11.2
2013-12-31,1141.1,335.4,58.2,5476.0,9.6
2014-01-01,1119.1,336.4,59.6,6632.0,10.7
2014-01-02,1099.2,388.7,61.5,7261.0,11.4
2014-01-03,1100.4,392.9,62.1,7136.0,11.4
2014-01-04,1104.6,394.2,60.2,4136.0,8.5
2014-01-05,1160.0,106.7,45.0,1633.0,3.4
2014-01-06,1126.4,287.3,57.8,6102.0,10.5
2014-01-07,1102.3,356.1,60.1,6640.0,10.9
2014-01-08,1098.2,372.3,62.4,6640.0,10.7
2014-01-09,1092.6,382.6,64.6,6790.0,11.0
2014-01-10,1089.9,385.1,64.9,6824.0,11.1
2014-01-11,1084.8,384.2,64.6,6958.0,11.2
2014-01-12,1085.3,389.4,64.4,6971.0,11.2
2014-01-13,1079.4,388.5,61.2,7066.0,11.2
2014-01-14,1082.2,390.2,61.7,7174.0,11.4
2014-01-15,1083.1,389.4,60.0,7004.0,11.4
2014-01-16,1084.2,387.3,59.6,6589.0,11.2
2014-01-17,1082.1,389.3,60.8,6801.0,11.3
2014-01-18,1084.7,391.5,60.8,6851.0,11.5
2014-01-19,1087.0,393.6,59.8,6372.0,11.5
2014-01-20,1088.1,401.4,58.9,6248.0,11.4
2014-01-21,1092.2,407.1,60.6,6254.0,11.6
2014-01-22,1095.3,407.1,60.8,6406.0,11.6
2014-01-23,1098.3,411.1,61.6,6751.0,11.6
2014-01-24,1100.9,413.3,61.2,6591.0,11.6
2014-01-25,1105.4,366.3,59.8,3409.0,8.5
2014-01-26,1052.1,344.2,61.2,5750.0,11.5
2014-01-27,1075.8,375.2,60.9,5502.0,11.5
2014-01-28,1070.9,390.6,62.4,6053.0,11.5
2014-01-29,1059.3,394.9,62.8,2462.0,5.3
2014-01-31,1141.0,232.4,53.5,6397.0,10.1
2014-02-01,1092.9,350.6,60.6,6362.0,11.4
2014-02-02,1048.9,396.2,59.8,6978.0,11.9
2014-02-03,1045.0,407.6,63.0,7086.0,12.0
2014-02-04,1044.1,410.2,63.3,7139.0,12.0
2014-02-05,1045.0,410.1,63.4,7089.0,12.0
2014-02-06,1032.8,406.1,63.4,1821.0,4.7
2014-02-08,1153.4,87.8,42.8,729.0,2.8
2014-02-09,1063.9,303.7,59.0,6173.0,11.3
2014-02-10,1014.1,356.0,59.4,667.0,3.6
2014-02-11,4.3,19.0,7.8,0.0,0.9
2014-02-12,1099.0,159.8,50.5,5135.0,9.5
2014-02-13,1055.2,332.2,58.0,6404.0,11.1
2014-02-14,1049.4,359.9,62.0,6603.0,11.2
2014-02-15,1051.1,365.8,63.7,6476.0,11.2
2014-02-16,1056.3,370.8,64.5,6576.0,11.2
2014-02-17,1053.4,380.2,65.3,6656.0,11.1
2014-02-18,1140.3,270.0,52.9,3632.0,7.0
2014-02-19,1082.1,303.7,60.1,5805.0,10.1
2014-02-20,1046.7,367.2,61.7,6578.0,11.0
2014-02-21,1043.7,375.3,59.7,6685.0,11.1
2014-02-22,1049.1,376.6,59.6,6606.0,10.9
2014-02-23,1046.0,376.3,59.3,6683.0,11.1
2014-02-24,1045.1,378.0,61.1,6449.0,10.8
2014-02-25,1041.5,379.1,63.4,6538.0,11.1
2014-02-26,1040.0,379.2,62.8,6511.0,11.1
2014-02-27,1042.2,377.6,62.0,6466.0,11.1
2014-02-28,1042.6,380.4,63.0,6425.0,11.0
2014-03-01,1041.3,381.0,62.4,6343.0,11.1
2014-03-02,1042.0,378.3,62.9,6480.0,11.1
2014-03-03,1043.2,376.1,62.4,6425.0,10.8
2014-03-04,1042.7,377.3,63.2,6418.0,11.1
2014-03-05,1044.7,378.9,61.7,6298.0,10.9
2014-03-06,1043.1,377.9,60.5,6311.0,10.9
2014-03-07,1029.5,380.7,61.9,6547.0,11.2
2014-03-08,1004.4,392.9,62.8,7040.0,11.8
2014-03-09,1004.6,395.3,61.8,6922.0,11.6
2014-03-10,999.2,402.1,66.6,7050.0,11.8
2014-03-11,1000.4,401.6,64.2,7059.0,11.8
2014-03-12,1002.2,398.5,62.5,6933.0,11.8
2014-03-13,1000.2,400.4,65.6,7005.0,11.7
2014-03-14,999.2,397.7,63.8,6990.0,11.8
2014-03-15,998.5,398.4,66.2,7000.0,11.8
2014-03-16,998.5,394.4,65.9,6978.0,11.8
2014-03-17,998.6,397.8,66.3,6939.0,11.8
2014-03-18,1003.0,397.5,66.0,6835.0,11.7
2014-03-19,1005.1,393.3,63.2,6789.0,11.6
2014-03-20,1002.3,389.5,59.3,6969.0,11.7
2014-03-21,1001.2,392.3,60.4,6930.0,11.7
2014-03-22,1006.9,377.5,60.5,3236.0,7.2
2014-03-23,1021.6,248.7,56.9,5179.0,10.0
2014-03-24,993.5,336.0,63.8,1495.0,3.8
2014-03-25,1133.3,91.8,46.1,1120.0,3.5
2014-03-26,1025.3,287.1,62.3,6252.0,10.5
2014-03-27,1002.5,337.5,61.6,2714.0,10.3
2014-03-28,1146.9,86.2,47.0,1053.0,8.4
2014-03-29,1107.4,137.9,48.7,2034.0,7.9
2014-03-30,982.3,330.9,65.7,5884.0,11.1
2014-03-31,989.1,361.9,66.2,6754.0,11.6
2014-04-01,992.4,372.1,65.9,6724.0,11.7
2014-04-02,995.0,377.9,65.7,6713.0,11.6
2014-04-03,994.4,380.5,65.6,6737.0,11.6
2014-04-04,995.2,380.3,64.6,6887.0,11.6
2014-04-05,996.1,382.9,63.5,6888.0,11.5
2014-04-06,998.5,384.4,64.3,5056.0,9.7
2014-04-07,1187.8,53.4,45.6,292.0,1.8
2014-04-08,1023.7,268.8,61.2,5641.0,10.4
2014-04-09,986.5,368.3,66.6,6531.0,11.2
2014-04-10,1053.3,325.8,60.9,5665.0,9.2
2014-04-11,993.4,389.6,65.7,6733.0,11.3
2014-04-12,993.3,389.8,62.2,6717.0,11.3
2014-04-13,995.1,390.4,65.2,6720.0,11.3
2014-04-14,996.8,393.6,65.4,6673.0,11.1
2014-04-15,996.7,399.1,65.4,6738.0,11.4
2014-04-16,997.3,397.4,62.1,6738.0,11.3
2014-04-17,993.9,401.2,64.2,6775.0,11.3
2014-04-18,997.1,405.4,66.0,6757.0,11.4
2014-04-19,992.7,411.8,66.5,6859.0,11.5
2014-04-20,993.6,413.6,66.4,6869.0,11.5
2014-04-21,999.9,410.4,66.7,6915.0,11.4
2014-04-22,1000.9,413.0,66.4,6104.0,11.3
2014-04-23,999.9,413.2,65.1,6417.0,11.4
2014-04-24,999.3,415.4,65.1,4210.0,6.7
2014-04-25,1000.8,417.8,65.9,6518.0,11.4
2014-04-26,1002.8,414.0,64.9,6471.0,11.4
2014-04-27,1006.4,413.4,66.4,6444.0,11.3
2014-04-28,999.6,416.1,67.5,6559.0,11.5
2014-04-29,1000.7,412.7,66.6,6470.0,11.7
2014-04-30,983.0,413.8,67.0,6414.0,11.8
2014-05-01,952.2,424.4,67.7,6863.0,12.5
2014-05-02,950.6,423.7,67.7,6878.0,12.5
2014-05-03,948.8,425.5,68.0,6716.0,12.5
2014-05-04,948.1,423.4,67.7,6821.0,12.6
2014-05-05,948.5,419.0,66.7,6741.0,12.5
2014-05-06,948.8,417.3,66.1,6598.0,12.4
2014-05-07,948.0,420.6,67.7,6601.0,12.4
2014-05-08,947.5,417.2,65.7,5702.0,11.5
2014-05-09,1118.9,171.7,47.8,2397.0,5.7
2014-05-10,945.4,346.6,64.4,2353.0,11.5
2014-05-11,941.9,382.7,64.8,5612.0,11.6
2014-05-12,940.5,390.5,66.5,5567.0,11.6
2014-05-13,944.5,387.9,65.8,5662.0,11.6
2014-05-14,939.3,383.8,65.9,5710.0,11.6
2014-05-15,925.1,380.7,64.9,5330.0,11.6
2014-05-16,893.8,383.9,65.6,5379.0,12.0
2014-05-17,894.1,381.4,66.5,5291.0,12.0
2014-05-18,891.9,377.7,65.6,5268.0,11.8
2014-05-19,888.9,380.6,66.2,5251.0,12.0
2014-05-20,887.4,382.9,66.6,5126.0,11.7
2014-05-21,887.8,383.6,66.2,5241.0,11.9
2014-05-22,885.1,382.6,66.5,5433.0,11.8
2014-05-23,883.4,384.7,64.8,5485.0,11.8
2014-05-24,882.7,395.5,67.7,5534.0,11.8
2014-05-25,881.1,402.0,67.8,5488.0,12.1
2014-05-26,881.5,405.9,67.9,5471.0,11.9
2014-05-27,880.8,410.0,68.1,5552.0,12.2
2014-05-28,882.0,415.4,68.4,5650.0,12.2
2014-05-29,881.7,419.6,68.7,5697.0,12.2
2014-05-30,881.5,419.8,68.4,5799.0,12.3
2014-05-31,879.9,422.1,68.4,5921.0,12.3
2014-06-01,875.8,428.3,68.7,6016.0,12.4
2014-06-02,897.6,383.4,64.4,5600.0,10.8
2014-06-03,866.1,407.0,66.7,5744.0,12.0
2014-06-04,874.3,424.1,68.2,5781.0,12.1
2014-06-05,871.6,408.6,68.2,6116.0,12.2
2014-06-06,876.5,292.0,69.1,6031.0,12.2
2014-06-07,870.4,297.1,69.4,6121.0,12.4
2014-06-08,868.9,299.0,68.1,6121.0,12.3
2014-06-09,868.3,301.2,69.1,6977.0,12.3
2014-06-10,868.6,298.0,68.6,6182.0,12.3
2014-06-11,868.0,299.7,67.9,6038.0,12.0
2014-06-12,862.5,303.0,69.6,6010.0,12.1
2014-06-13,860.8,301.0,69.3,5794.0,12.2
2014-06-14,861.5,297.9,68.8,5750.0,12.2
2014-06-15,861.2,298.3,68.9,5757.0,12.2
2014-06-16,845.0,299.3,69.0,5809.0,12.3
2014-06-17,823.8,308.3,69.6,6018.0,13.1
2014-06-18,820.8,298.7,69.7,6024.0,13.2
2014-06-19,819.1,267.9,69.1,5993.0,13.2
2014-06-20,817.6,271.7,69.3,5976.0,13.2
2014-06-21,813.3,272.7,69.6,5954.0,13.3
2014-06-22,815.9,269.4,69.4,5847.0,13.3
2014-06-23,815.1,271.8,69.5,5802.0,13.3
2014-06-24,812.8,269.4,69.6,6064.0,13.3
2014-06-25,815.6,270.1,69.7,6251.0,13.0
2014-06-26,931.4,188.4,61.6,3496.0,7.7
2014-06-27,866.1,191.2,63.8,5144.0,11.1
2014-06-28,799.3,286.9,69.4,5921.0,12.6
2014-06-29,805.6,290.4,69.1,5856.0,12.4
2014-06-30,807.9,290.9,68.7,6052.0,12.5
2014-07-01,806.4,294.2,69.0,5864.0,12.6
2014-07-02,807.1,296.9,67.7,5856.0,12.6
2014-07-03,806.9,295.2,67.7,5856.0,12.6
2014-07-04,806.5,294.5,67.6,5863.0,12.7
2014-07-05,806.4,296.0,68.2,5822.0,12.7
2014-07-06,806.0,300.2,69.3,5773.0,12.6
2014-07-07,807.5,300.1,68.9,5849.0,12.5
2014-07-08,807.2,301.8,69.3,5806.0,12.3
2014-07-09,806.2,302.7,69.8,5799.0,12.3
2014-07-10,804.7,298.7,69.5,5850.0,12.2
2014-07-11,810.0,299.0,69.7,5792.0,12.1
2014-07-12,801.6,305.7,69.9,5882.0,12.6
2014-07-13,796.9,305.1,69.7,5818.0,12.5
2014-07-14,796.1,305.7,70.0,5726.0,12.5
2014-07-15,790.1,300.1,69.1,5840.0,12.5
2014-07-16,788.7,300.5,69.1,5829.0,12.5
2014-07-17,790.0,300.0,68.7,5777.0,12.4
2014-07-18,789.5,303.6,70.1,5756.0,12.5
2014-07-19,789.1,301.9,69.3,5777.0,12.5
2014-07-20,804.5,278.9,67.7,5800.0,11.4
2014-07-21,798.5,282.1,68.4,5540.0,11.5
2014-07-22,804.6,300.9,69.8,5466.0,11.6
2014-07-23,803.8,303.8,69.6,5505.0,11.6
2014-07-24,803.5,305.9,70.3,5549.0,11.6
2014-07-25,803.7,306.2,70.4,5564.0,11.8
2014-07-26,806.5,303.9,70.5,5534.0,11.7
2014-07-27,804.5,301.6,70.3,5535.0,11.7
2014-07-28,804.4,301.4,70.4,5519.0,11.8
2014-07-29,804.7,301.2,69.8,5484.0,11.8
2014-07-30,804.8,297.0,69.2,5202.0,11.8
2014-07-31,802.8,299.0,70.0,6610.0,11.9
2014-08-01,802.5,300.6,70.0,6675.0,11.9
2014-08-02,803.1,300.8,69.7,6641.0,11.9
2014-08-03,803.4,298.9,69.3,6676.0,11.9
2014-08-04,803.3,298.0,68.0,6697.0,11.8
2014-08-05,803.6,300.0,70.0,6457.0,11.9
2014-08-06,801.1,299.0,69.5,6514.0,11.9
2014-08-07,804.3,297.6,69.6,6202.0,11.6
2014-08-08,800.6,300.3,70.2,6187.0,11.7
2014-08-09,801.4,289.4,67.1,6199.0,11.9
2014-08-10,802.5,289.5,66.8,6134.0,11.7
2014-08-11,800.2,286.4,65.6,6411.0,11.8
2014-08-12,802.3,286.9,64.2,6698.0,12.0
2014-08-13,799.2,290.6,67.5,6866.0,12.1
2014-08-14,801.3,291.8,69.4,6875.0,12.1
2014-08-15,798.6,292.6,69.3,6817.0,12.1
2014-08-16,798.1,292.6,67.9,6481.0,12.1
2014-08-17,798.6,293.4,68.3,6500.0,12.2
2014-08-18,798.5,289.0,68.7,6517.0,12.2
2014-08-19,734.7,284.3,68.2,671.0,5.0
2014-08-20,1.5,0.0,15.2,0.0,0.8
2014-08-21,1.7,0.0,19.7,0.0,0.8
2014-08-22,1.7,0.0,19.7,0.0,0.8
2014-08-23,1.7,0.0,19.7,0.0,0.8
2014-08-24,1.7,0.0,19.7,0.0,0.8
2014-08-25,1049.4,190.3,53.5,4423.0,7.9
2014-08-26,1039.6,386.1,60.2,3590.0,7.7
2014-08-27,1081.5,370.2,57.5,3292.0,7.0
2014-08-28,1044.8,346.9,57.7,3629.0,7.5
2014-08-29,1097.9,203.0,54.5,3274.0,6.6
2014-08-30,1118.6,187.9,53.4,3050.0,6.3
2014-08-31,1121.9,186.9,54.9,2975.0,6.0
2014-09-01,1117.5,181.8,53.3,3114.0,6.4
2014-09-02,1067.0,211.1,57.5,3694.0,7.0
2014-09-03,807.9,309.0,67.2,6470.0,10.5
2014-09-04,778.4,364.5,69.8,7443.0,13.0
2014-09-05,785.3,376.0,70.1,7220.0,12.6
2014-09-06,783.1,375.3,69.9,7163.0,12.3
2014-09-07,781.2,374.2,69.4,7147.0,12.5
2014-09-08,781.7,371.0,69.5,7103.0,12.5
2014-09-09,780.3,368.9,69.4,7041.0,12.5
2014-09-10,782.4,372.2,70.0,6999.0,12.3
2014-09-11,784.2,371.8,70.0,6772.0,12.3
2014-09-12,787.4,369.8,69.7,6300.0,12.2
2014-09-13,783.3,371.3,69.9,6301.0,12.2
2014-09-14,782.8,370.9,70.1,6247.0,12.2
2014-09-15,782.1,369.1,68.9,6455.0,12.2
2014-09-16,782.1,366.4,67.9,6458.0,12.2
2014-09-17,785.4,366.7,68.7,6407.0,11.9
2014-09-18,785.4,367.6,69.1,6324.0,12.1
2014-09-19,785.9,372.2,69.4,6319.0,12.1
2014-09-20,786.4,370.4,69.6,6271.0,11.8
2014-09-21,786.5,367.1,69.0,6312.0,12.0
2014-09-22,784.5,370.3,69.4,6333.0,12.1
2014-09-23,782.9,373.0,69.4,6311.0,12.1
2014-09-24,781.7,372.2,69.7,6365.0,12.1
2014-09-25,781.7,370.1,68.4,6368.0,12.1
2014-09-26,781.0,366.1,67.9,6359.0,12.0
2014-09-27,783.1,366.7,67.6,6311.0,12.0
2014-09-28,784.1,369.7,67.9,6276.0,12.0
2014-09-29,764.1,370.4,69.4,320.0,2.6
2014-09-30,979.2,174.0,54.8,6148.0,7.4
2014-10-01,751.9,347.4,68.7,6474.0,12.0
2014-10-02,760.7,365.7,68.4,6734.0,12.1
2014-10-03,765.8,367.1,66.4,6029.0,12.1
2014-10-04,764.9,370.8,67.6,6189.0,12.1
2014-10-05,764.1,376.2,68.6,6132.0,12.1
2014-10-06,763.9,370.8,66.2,6075.0,12.1
2014-10-07,762.7,363.2,62.6,5998.0,12.1
2014-10-08,765.8,373.1,66.2,6158.0,12.0
2014-10-09,767.0,372.0,66.3,6037.0,11.9
2014-10-10,771.0,374.0,67.4,5910.0,11.6
2014-10-11,767.7,376.3,67.7,5977.0,11.9
2014-10-12,769.3,377.6,68.3,5930.0,11.8
2014-10-13,768.0,379.9,69.4,5925.0,11.9
2014-10-14,765.1,379.7,69.6,5937.0,11.9
2014-10-15,764.8,381.8,69.1,5924.0,11.9
2014-10-16,764.2,377.8,67.7,5924.0,12.0
2014-10-17,764.3,379.7,68.2,5946.0,12.0
2014-10-18,767.2,374.1,65.9,5908.0,11.9
2014-10-19,769.3,373.2,65.5,5855.0,11.7
2014-10-20,768.1,375.5,68.4,5805.0,11.7
2014-10-21,764.5,371.7,67.3,5882.0,11.8
2014-10-22,764.7,373.6,67.6,5843.0,11.7
2014-10-23,767.0,374.4,66.1,5821.0,11.6
2014-10-24,770.0,374.6,66.4,5760.0,11.5
2014-10-25,766.7,372.4,64.9,5847.0,11.5
2014-10-26,767.9,369.3,63.5,6049.0,11.4
2014-10-27,766.2,374.5,66.4,5815.0,11.5
2014-10-28,765.8,373.7,66.4,5793.0,11.5
2014-10-29,764.0,370.5,69.0,5588.0,11.5
2014-10-30,761.7,377.5,68.0,5801.0,11.6
2014-10-31,762.6,377.0,67.6,5883.0,11.6
2014-11-01,765.7,373.7,66.4,5770.0,11.5
2014-11-02,763.4,372.9,65.8,5704.0,11.2
2014-11-03,759.9,376.2,67.6,5612.0,11.2
2014-11-04,760.5,374.7,68.6,5660.0,11.5
2014-11-05,758.4,374.8,68.6,5618.0,11.5
2014-11-06,756.7,371.9,66.7,5634.0,11.5
2014-11-07,756.7,366.2,64.4,5709.0,11.5
2014-11-08,757.6,372.8,66.4,5736.0,11.4
2014-11-09,757.2,373.0,67.0,5766.0,11.5
2014-11-10,755.8,374.5,68.2,5692.0,11.5
2014-11-11,755.5,374.1,67.6,5701.0,11.4
2014-11-12,755.4,367.3,65.9,5636.0,11.4
2014-11-13,755.4,372.7,66.7,5550.0,11.3
2014-11-14,755.0,369.6,67.0,5508.0,11.3
2014-11-15,753.6,366.3,65.7,5539.0,11.2
2014-11-16,751.8,367.6,64.2,5485.0,11.3
2014-11-17,750.6,370.4,64.8,5322.0,11.3
2014-11-18,749.8,374.9,66.6,5424.0,11.2
2014-11-19,748.2,376.7,68.1,5286.0,11.2
2014-11-20,745.6,378.6,68.1,5357.0,11.2
2014-11-21,743.6,375.3,67.5,5337.0,11.2
2014-11-22,740.9,365.9,65.0,5319.0,11.2
2014-11-23,742.0,370.4,68.3,5214.0,11.2
2014-11-24,744.8,364.5,68.2,5281.0,11.2
2014-11-25,781.4,359.7,67.3,4491.0,10.5
2014-11-26,1038.1,179.0,49.2,1954.0,5.0
2014-11-27,1040.1,302.8,46.0,1874.0,5.0
2014-11-28,1051.3,247.0,45.7,2850.0,4.6
2014-11-29,1195.4,242.6,32.8,1605.0,2.4
2014-11-30,1071.9,328.8,40.1,1032.0,2.8
2014-12-01,1095.6,269.5,37.4,987.0,3.6
2014-12-02,1067.4,351.2,43.8,1435.0,4.2
2014-12-03,1082.7,357.8,44.5,1335.0,3.8
2014-12-04,1041.4,355.9,46.5,2236.0,4.7
2014-12-05,1140.7,220.6,43.3,2362.0,3.1
2014-12-06,1106.4,249.7,45.3,1536.0,4.0
2014-12-07,1139.6,224.0,43.3,1282.0,3.7
2014-12-08,1145.5,195.9,42.4,1166.0,3.5
2014-12-09,1146.1,199.3,40.5,1199.0,3.5
2014-12-10,1142.5,236.6,42.4,1675.0,4.7
2014-12-11,1169.1,179.1,36.9,1107.0,3.5
2014-12-12,1169.5,218.1,43.1,1343.0,3.5
2014-12-13,1180.0,187.0,40.6,1102.0,3.5
2014-12-14,1151.4,242.1,42.8,1731.0,4.6
2014-12-15,1171.6,230.6,43.4,1568.0,4.4
2014-12-16,1169.5,247.3,45.5,1644.0,4.5
2014-12-17,1159.6,248.5,45.7,1703.0,4.5
2014-12-18,1120.8,277.1,45.9,2063.0,4.7
2014-12-19,1161.3,271.4,44.3,2090.0,5.2
2014-12-20,1164.0,256.7,46.1,1828.0,4.8
2014-12-21,1186.3,243.0,42.5,1636.0,4.5
2014-12-22,1189.0,221.2,42.7,1574.0,4.5
2014-12-23,1191.2,223.1,43.8,1589.0,4.5
2014-12-24,1192.9,225.4,44.6,1596.0,4.5
2014-12-25,1195.6,228.3,45.9,1638.0,4.6
2014-12-26,1198.2,228.6,45.3,1677.0,4.5
2014-12-27,1197.9,234.3,45.8,1639.0,4.6
2014-12-28,1205.2,229.0,45.3,1614.0,4.5
2014-12-29,1204.5,239.6,47.2,1902.0,4.6
2014-12-30,1194.3,247.0,45.6,1691.0,4.0
2014-12-31,1186.7,256.7,43.6,1957.0,4.9
2015-01-01,1140.1,229.9,45.7,3602.0,6.0
2015-01-02,1054.7,191.3,55.8,3776.0,7.4
2015-01-03,991.7,314.5,60.6,4777.0,8.0
2015-01-04,943.8,335.1,62.9,4226.0,8.0
2015-01-05,926.5,342.7,63.2,4241.0,8.2
2015-01-06,900.2,339.8,63.7,4460.0,8.8
2015-01-07,857.1,347.2,63.2,4786.0,9.2
2015-01-08,785.6,355.5,65.1,5201.0,10.4
2015-01-09,779.1,299.2,61.2,4222.0,8.3
2015-01-10,790.4,300.9,61.2,4842.0,9.3
2015-01-11,740.7,347.1,66.7,5948.0,11.7
2015-01-12,740.9,347.2,62.5,5576.0,11.5
2015-01-13,733.3,346.3,63.2,5672.0,11.5
2015-01-14,730.0,344.7,63.3,5114.0,11.6
2015-01-15,729.6,336.7,63.2,5489.0,11.7
2015-01-16,728.4,336.3,64.1,5464.0,11.8
2015-01-17,731.0,335.0,64.8,5325.0,12.0
2015-01-18,731.0,335.0,64.8,5596.0,12.0
2015-01-19,731.0,335.0,64.8,5173.0,12.0
2015-01-20,740.1,305.4,65.1,4633.0,10.8
2015-01-21,719.6,322.3,67.4,4970.0,11.8
2015-01-22,694.1,323.8,67.4,5030.0,12.2
2015-01-23,678.9,314.5,63.6,5142.0,12.9
2015-01-24,659.8,311.3,68.3,5322.0,13.9
2015-01-25,660.5,305.5,66.5,5292.0,13.9
2015-01-26,658.9,298.4,68.6,5286.0,13.9
2015-01-27,660.5,291.2,68.0,5449.0,14.0
2015-01-28,659.4,282.4,66.0,4917.0,14.2
2015-01-29,659.7,277.4,68.1,4955.0,14.2
2015-01-30,660.3,272.7,67.6,4786.0,14.2
2015-01-31,659.5,268.5,68.1,4663.0,14.2
2015-02-01,658.8,261.6,67.6,4883.0,14.3
2015-02-02,659.3,256.9,67.6,4698.0,14.3
2015-02-03,659.5,253.5,68.1,4703.0,14.4
2015-02-04,661.5,246.4,67.7,3519.0,17.7
2015-02-05,696.8,85.5,50.3,1336.0,12.4
2015-02-06,617.4,210.2,67.3,3767.0,14.7
2015-02-07,634.2,227.2,67.2,4332.0,13.4
2015-02-08,638.9,228.1,66.9,3538.0,14.9
2015-02-09,640.0,176.9,63.7,4293.0,14.9
2015-02-10,634.0,230.1,68.2,4700.0,15.0
2015-02-11,641.1,232.6,66.2,4840.0,15.0
2015-02-12,645.2,232.7,67.4,5065.0,15.0
2015-02-13,643.7,229.3,66.9,5177.0,14.9
2015-02-14,649.1,229.2,66.8,5184.0,15.2
2015-02-15,647.2,220.5,64.3,5192.0,15.1
2015-02-16,653.3,220.8,66.3,5241.0,15.5
2015-02-17,656.7,220.5,66.6,5393.0,15.4
2015-02-18,655.3,218.4,65.0,5289.0,15.6
2015-02-19,653.7,215.7,65.6,5413.0,15.9
2015-02-20,657.6,214.8,68.2,5328.0,16.0
2015-02-21,657.9,212.8,69.6,5253.0,16.1
2015-02-22,656.6,206.4,68.4,5518.0,16.3
2015-02-23,659.0,201.0,66.3,5515.0,16.2
2015-02-24,661.2,198.7,68.5,5322.0,16.2
2015-02-25,662.3,197.9,70.0,5287.0,16.2
2015-02-26,655.3,192.5,68.4,5425.0,16.6
2015-02-27,654.9,188.7,67.4,5549.0,16.7
2015-02-28,656.0,185.5,66.7,5709.0,16.8
2015-03-01,658.4,181.6,67.5,5662.0,16.8
2015-03-02,657.2,181.2,70.3,5627.0,16.8
2015-03-03,658.2,178.2,69.3,5608.0,16.8
2015-03-04,648.6,173.9,69.8,5602.0,16.0
2015-03-05,648.0,171.4,68.4,5760.0,17.3
2015-03-06,592.9,166.8,69.3,6451.0,20.4
2015-03-07,583.2,156.1,66.2,6525.0,20.6
2015-03-08,588.6,150.1,69.9,6476.0,20.2
2015-03-09,586.9,159.8,69.5,6374.0,20.0
2015-03-10,587.0,160.8,69.5,6366.0,20.4
2015-03-11,586.3,154.0,70.1,6398.0,20.6
2015-03-12,586.4,146.2,70.4,6381.0,20.6
2015-03-13,585.0,136.3,69.9,6460.0,20.9
2015-03-14,582.9,126.9,71.3,6568.0,21.3
2015-03-15,669.6,125.9,73.0,8511.0,21.9
2015-03-16,753.9,152.1,73.6,10389.0,22.5
2015-03-17,759.7,163.2,73.6,10418.0,22.5
2015-03-18,762.7,164.9,75.0,10379.0,22.3
2015-03-19,763.2,163.2,74.5,10339.0,22.0
2015-03-20,764.6,160.7,74.3,10479.0,21.7
2015-03-21,760.6,158.6,74.8,10600.0,21.8
2015-03-22,1098.3,125.2,55.8,6131.0,12.0
2015-03-23,1434.1,136.7,36.2,1838.0,4.4
2015-03-24,1464.7,173.7,39.5,1939.0,4.5
2015-03-25,1375.7,210.3,47.4,4271.0,7.3
2015-03-26,737.2,345.7,74.8,10350.0,25.6
2015-03-27,734.6,335.4,75.5,9938.0,24.7
2015-03-28,736.5,323.3,73.5,9522.0,23.1
2015-03-29,744.5,320.4,75.5,9317.0,21.5
2015-03-30,744.3,311.8,75.0,9831.0,22.0
2015-03-31,741.1,305.6,74.7,9625.0,21.9
2015-04-01,746.0,299.5,74.5,9364.0,21.6
2015-04-02,747.6,293.8,74.6,9395.0,21.3
2015-04-03,743.8,291.2,75.1,9258.0,21.5
2015-04-04,741.3,285.4,74.9,9339.0,21.5
2015-04-05,741.1,278.9,74.8,9322.0,21.5
2015-04-06,739.7,273.9,74.5,9284.0,21.5
2015-04-07,739.6,268.6,75.1,9187.0,21.4
2015-04-08,744.7,264.0,74.8,9032.0,21.0
2015-04-09,744.2,258.4,73.0,9014.0,21.0
2015-04-10,741.6,254.1,73.4,9014.0,21.0
2015-04-11,741.8,249.5,73.7,8974.0,21.0
2015-04-12,745.1,246.6,72.5,8933.0,20.7
2015-04-13,751.3,245.2,74.1,9049.0,20.5
2015-04-14,751.1,243.5,73.3,9081.0,20.5
2015-04-15,750.0,243.7,75.2,9261.0,20.8
2015-04-16,750.2,241.6,75.3,9272.0,20.9
2015-04-17,753.2,242.1,75.6,9354.0,20.5
2015-04-18,757.8,240.1,75.5,9481.0,21.0
2015-04-19,760.4,240.2,75.6,9285.0,21.0
2015-04-20,758.0,240.1,75.8,9308.0,21.2
2015-04-21,756.6,238.1,75.9,9524.0,21.3
2015-04-22,756.5,236.2,76.0,9468.0,21.3
2015-04-23,755.9,234.9,76.0,9801.0,21.3
2015-04-24,756.2,234.3,75.9,9757.0,21.3
2015-04-25,754.3,231.4,75.6,9713.0,21.4
2015-04-26,753.6,229.6,75.6,9693.0,21.4
2015-04-27,751.7,228.6,75.3,9756.0,21.5
2015-04-28,749.9,226.6,74.7,9725.0,21.6
2015-04-29,749.6,226.0,75.3,9660.0,21.5
2015-04-30,748.8,224.3,75.7,9680.0,21.4
2015-05-01,748.2,222.7,75.7,9601.0,21.4
2015-05-02,745.6,222.7,75.7,9524.0,21.4
2015-05-03,741.8,220.9,74.8,9538.0,21.5
2015-05-04,735.7,219.7,73.9,9506.0,21.6
2015-05-05,730.9,217.0,74.3,9582.0,21.7
2015-05-06,729.3,212.4,73.8,9391.0,21.7
2015-05-07,726.8,208.3,75.4,9353.0,21.7
2015-05-08,725.4,205.1,75.3,9474.0,21.6
2015-05-09,724.0,199.3,75.3,9302.0,21.7
2015-05-10,725.9,195.5,75.6,9300.0,21.6
2015-05-11,725.2,190.4,73.4,9272.0,21.6
2015-05-12,722.7,185.5,72.9,9239.0,21.6
2015-05-13,718.7,180.2,75.6,9242.0,21.8
2015-05-14,718.0,176.0,75.8,9300.0,21.9
2015-05-15,717.2,173.0,75.3,9294.0,22.0
2015-05-16,719.5,170.2,75.3,9200.0,21.6
2015-05-17,722.4,168.1,75.7,9127.0,21.4
2015-05-18,721.6,165.3,75.1,9160.0,21.5
2015-05-19,721.1,164.5,75.0,9112.0,21.4
2015-05-20,720.7,163.2,76.1,9051.0,21.3
2015-05-21,720.3,160.4,74.7,9023.0,21.3
2015-05-22,719.2,157.4,75.2,8904.0,21.3
2015-05-23,717.3,155.7,76.0,8770.0,21.3
2015-05-24,716.5,154.0,75.5,9102.0,21.4
2015-05-25,714.2,153.2,76.3,8589.0,21.3
2015-05-26,713.0,152.2,76.3,8855.0,21.3
2015-05-27,712.3,151.2,75.8,8620.0,20.8
2015-05-28,716.9,150.0,75.6,8878.0,20.9
2015-05-29,718.8,149.3,74.7,8730.0,20.7
2015-05-30,717.1,148.6,76.1,8709.0,20.8
2015-05-31,713.8,186.4,76.1,8741.0,20.4
2015-06-01,712.2,288.9,74.3,8854.0,20.8
2015-06-02,709.6,286.1,73.3,8881.0,20.9
2015-06-03,707.7,286.6,76.1,8741.0,20.8
2015-06-04,706.9,286.3,76.0,8664.0,20.7
2015-06-05,703.8,282.0,75.3,8560.0,20.8
2015-06-06,702.9,279.5,73.0,8492.0,20.7
2015-06-07,760.1,272.1,72.6,7911.0,17.8
2015-06-08,700.9,277.1,76.3,8595.0,20.9
2015-06-09,699.1,276.6,76.6,8494.0,20.8
2015-06-10,699.7,273.4,76.5,8373.0,20.6
2015-06-11,697.9,272.2,76.3,8306.0,20.6
2015-06-12,696.3,270.3,76.3,8328.0,20.6
2015-06-13,694.7,268.5,76.9,8135.0,20.6
2015-06-14,691.7,264.4,76.3,8121.0,20.8
2015-06-15,689.4,263.4,76.4,8106.0,20.8
2015-06-16,687.1,263.1,76.6,8010.0,20.7
2015-06-17,685.6,260.4,76.2,8008.0,20.6
2015-06-18,685.0,257.8,76.4,7981.0,20.7
2015-06-19,682.3,257.7,76.5,8062.0,20.8
2015-06-20,680.2,258.5,77.0,8229.0,20.7
2015-06-21,680.5,255.7,76.6,8254.0,20.8
2015-06-22,682.5,254.9,77.0,8346.0,20.8
2015-06-23,678.0,254.1,76.9,8393.0,21.2
2015-06-24,677.4,255.2,77.1,8438.0,21.3
2015-06-25,671.8,257.1,77.5,8578.0,21.8
2015-06-26,668.7,253.8,77.2,8530.0,22.4
2015-06-27,671.2,255.0,77.5,8576.0,22.2
2015-06-28,739.2,254.7,76.8,7564.0,18.0
2015-06-29,720.4,256.8,77.6,7846.0,19.2
2015-06-30,704.7,255.4,77.4,8151.0,20.0
2015-07-01,666.6,253.3,76.8,8786.0,22.9
2015-07-02,653.6,252.4,76.5,8143.0,23.9
2015-07-03,651.6,253.3,77.8,8087.0,23.9
2015-07-04,646.2,252.2,78.0,7958.0,24.0
2015-07-05,643.4,252.4,77.4,7904.0,23.9
2015-07-06,640.6,251.1,78.1,7826.0,23.9
2015-07-07,638.6,249.8,77.9,7763.0,24.0
2015-07-08,635.6,247.5,77.7,7710.0,23.9
2015-07-09,633.1,245.7,77.2,7639.0,24.0
2015-07-10,631.2,248.5,77.5,7571.0,24.0
2015-07-11,628.7,246.6,77.3,7525.0,24.0
2015-07-12,626.4,246.0,77.5,7411.0,24.0
2015-07-13,625.6,248.4,78.1,7381.0,23.4
2015-07-14,620.9,245.7,78.2,7355.0,23.9
2015-07-15,618.8,244.0,78.1,7273.0,23.9
2015-07-16,617.7,244.3,78.3,7175.0,23.9
2015-07-17,615.5,240.3,76.7,7141.0,24.0
2015-07-18,614.3,238.7,74.5,7202.0,23.9
2015-07-19,613.5,240.8,77.1,7126.0,23.9
2015-07-20,612.1,240.8,77.3,7055.0,23.9
2015-07-21,612.5,238.4,75.4,7126.0,23.9
2015-07-22,611.7,240.9,78.1,7279.0,23.8
2015-07-23,611.4,239.4,76.7,7241.0,23.9
2015-07-24,611.3,239.0,77.6,7140.0,23.8
2015-07-25,605.5,238.6,78.1,7157.0,24.3
2015-07-26,604.4,237.9,77.9,7070.0,24.5
2015-07-27,603.7,238.4,78.2,7010.0,24.4
2015-07-28,602.9,235.7,78.2,6935.0,24.5
2015-07-29,600.3,233.7,77.9,7111.0,24.8
2015-07-30,600.5,233.0,77.5,6939.0,24.8
2015-07-31,598.9,234.5,77.7,6818.0,25.0
2015-08-01,598.2,233.4,76.6,6773.0,25.0
2015-08-02,597.9,234.4,77.4,6712.0,24.8
2015-08-03,596.9,231.8,75.7,6723.0,24.9
2015-08-04,596.5,232.0,76.7,6767.0,24.9
2015-08-05,596.3,232.1,77.1,6635.0,24.9
2015-08-06,596.7,231.9,76.8,6597.0,24.9
2015-08-07,596.0,233.8,78.4,6669.0,24.7
2015-08-08,595.6,232.4,77.4,6663.0,24.7
2015-08-09,594.5,230.7,76.6,6654.0,24.9
2015-08-10,593.9,230.9,77.4,6614.0,24.8
2015-08-11,593.2,230.2,76.9,6580.0,24.8
2015-08-12,592.2,231.4,77.9,6545.0,24.7
2015-08-13,591.1,230.7,77.7,6560.0,24.9
2015-08-14,590.0,228.5,76.7,6548.0,24.8
2015-08-15,589.9,227.9,75.5,6471.0,24.8
2015-08-16,588.7,230.0,78.2,6366.0,24.7
2015-08-17,587.9,227.5,78.3,6344.0,24.7
2015-08-18,587.5,225.0,76.8,6340.0,24.7
2015-08-19,587.4,224.4,74.7,6338.0,24.2
2015-08-20,586.2,223.7,76.1,6388.0,24.8
2015-08-21,585.1,221.0,76.1,6272.0,24.3
2015-08-22,584.4,219.1,76.3,6209.0,24.2
2015-08-23,583.2,216.2,76.8,6106.0,24.7
2015-08-24,581.5,214.0,77.3,6130.0,24.7
2015-08-25,579.6,211.1,77.3,6102.0,24.7
2015-08-26,577.0,5.6,75.9,3608.0,15.7
2015-08-27,0.2,0.0,18.3,0.0,1.1
2015-08-28,1.4,0.0,14.4,0.0,0.9
2015-08-29,2.7,0.0,14.7,0.0,0.8
2015-08-30,3.3,0.0,14.7,0.0,0.9
2015-08-31,998.3,73.2,61.5,2734.0,8.1
2015-09-01,598.6,196.1,79.1,6560.0,25.7
2015-09-02,537.7,195.3,79.1,6465.0,29.6
2015-09-03,569.2,193.9,78.6,6132.0,27.3
2015-09-04,620.1,191.2,75.6,5236.0,23.2
2015-09-05,545.1,192.0,77.8,5764.0,27.4
2015-09-06,543.3,191.8,78.2,5532.0,27.5
2015-09-07,542.6,191.3,78.4,5480.0,27.5
2015-09-08,542.1,190.7,78.6,5442.0,27.5
2015-09-09,543.4,191.5,78.6,5426.0,27.2
2015-09-10,545.8,189.4,77.5,5407.0,27.0
2015-09-11,545.7,187.3,76.4,5460.0,27.0
2015-09-12,545.3,185.3,76.2,5454.0,27.0
2015-09-13,544.5,184.9,77.0,5397.0,27.0
2015-09-14,544.1,182.8,77.4,5326.0,27.0
2015-09-15,543.5,182.7,78.1,5447.0,27.0
2015-09-16,543.3,182.1,77.8,5476.0,27.1
2015-09-17,542.5,180.2,78.6,5460.0,27.0
2015-09-18,542.2,178.9,78.6,5594.0,27.0
2015-09-19,541.9,178.4,78.6,5419.0,27.0
2015-09-20,542.7,178.9,78.5,5341.0,27.0
2015-09-21,542.7,176.4,77.8,5671.0,27.0
2015-09-22,641.1,172.6,75.0,4476.0,19.0
2015-09-23,552.5,176.3,78.1,5699.0,26.5
2015-09-24,545.7,175.2,76.2,5692.0,27.0
2015-09-25,544.3,174.6,77.3,5755.0,27.0
2015-09-26,545.3,175.8,78.4,5711.0,26.6
2015-09-27,545.9,176.7,77.9,5710.0,26.5
2015-09-28,546.4,174.9,76.7,5654.0,26.5
2015-09-29,546.3,174.1,75.2,5655.0,25.9
2015-09-30,543.7,175.5,77.1,5838.0,26.2
2015-10-01,537.9,175.4,78.0,5935.0,26.1
2015-10-02,534.0,175.2,78.0,5994.0,24.1
2015-10-03,501.8,175.6,78.2,6252.0,28.0
2015-10-04,497.4,176.7,78.8,6198.0,28.1
2015-10-05,496.5,174.8,77.1,6196.0,28.3
2015-10-06,495.8,172.3,75.0,6177.0,28.3
2015-10-07,494.7,171.5,76.0,6155.0,28.4
2015-10-08,494.3,172.6,77.1,6123.0,28.8
2015-10-09,459.2,176.3,78.9,6346.0,42.4
2015-10-10,449.4,174.7,78.6,6349.0,43.8
2015-10-11,447.4,172.0,76.8,6362.0,43.4
2015-10-12,448.4,170.6,77.4,6332.0,43.0
2015-10-13,517.7,169.9,76.4,5641.0,32.8
2015-10-14,476.8,170.7,78.4,6060.0,35.1
2015-10-15,468.3,169.4,78.3,6210.0,46.1
2015-10-16,445.6,168.6,79.4,6304.0,45.4
2015-10-17,445.7,166.4,79.5,6200.0,44.7
2015-10-18,445.8,165.5,79.4,6161.0,43.4
2015-10-19,448.1,164.7,79.2,6021.0,42.9
2015-10-20,448.9,162.5,79.0,6024.0,43.0
2015-10-21,447.7,160.1,77.1,5982.0,42.9
2015-10-22,446.2,158.3,76.6,5965.0,43.0
2015-10-23,445.6,157.7,77.5,5928.0,43.0
2015-10-24,448.1,156.3,77.2,5896.0,43.0
2015-10-25,447.0,155.2,77.7,6148.0,42.9
2015-10-26,559.7,154.1,74.9,62.0,2.3
2015-10-27,1168.7,81.7,13.9,0.0,1.0
2015-10-28,1559.9,76.4,12.9,0.0,1.0
2015-10-29,1347.2,90.7,26.8,1462.0,9.5
2015-10-30,537.7,143.0,66.7,4489.0,65.1
2015-10-31,979.4,89.2,15.8,0.0,1.0
2015-11-01,1105.3,78.4,11.9,0.0,1.0
2015-11-02,604.3,73.7,11.6,0.0,1.7
2015-11-03,1121.0,129.5,57.3,4726.0,10.5
2015-11-04,721.9,163.0,79.7,7934.0,25.1
2015-11-05,602.1,163.6,79.2,8137.0,34.1
2015-11-06,539.4,162.5,80.2,7713.0,41.7
2015-11-07,485.1,163.2,80.8,7673.0,52.5
2015-11-08,464.2,161.8,79.7,7594.0,83.9
2015-11-09,458.1,161.0,78.6,7076.0,100.0
2015-11-10,456.4,162.5,80.7,7051.0,100.0
2015-11-11,448.6,162.9,80.3,7293.0,100.0
2015-11-12,457.2,161.6,79.3,6980.0,100.0
2015-11-13,467.6,161.2,78.6,6946.0,100.0
2015-11-14,467.2,160.6,80.5,7105.0,100.0
2015-11-15,471.1,163.1,81.0,7031.0,100.0
2015-11-16,475.2,160.6,78.2,7046.0,97.9
2015-11-17,475.8,160.7,77.4,6993.0,100.0
2015-11-18,462.5,161.9,81.0,7102.0,100.0
2015-11-19,454.0,161.9,81.3,7300.0,100.0
2015-11-20,460.2,161.0,80.8,6980.0,100.0
2015-11-21,469.4,159.9,80.3,7150.0,100.0
2015-11-22,470.7,160.8,80.6,6928.0,100.0
2015-11-23,468.1,160.5,79.4,6901.0,100.0
2015-11-24,468.1,159.9,80.6,6811.0,100.0
2015-11-25,468.0,159.3,80.5,6756.0,100.0
2015-11-26,466.3,158.7,79.5,6729.0,100.0
2015-11-27,467.8,157.7,78.6,6626.0,100.0
2015-11-28,466.8,156.7,78.8,6666.0,100.0
2015-11-29,466.0,155.9,79.5,6558.0,100.0
2015-11-30,464.0,155.8,80.4,6494.0,100.0
2015-12-01,463.4,156.5,80.4,6436.0,100.0
2015-12-02,465.2,155.8,78.1,6360.0,100.0
2015-12-03,465.3,156.1,80.4,6405.0,100.0
2015-12-04,458.1,155.1,79.1,6576.0,100.0
2015-12-05,458.7,154.7,77.3,6650.0,100.0
2015-12-06,458.5,154.7,80.5,6541.0,100.0
2015-12-07,462.0,155.5,80.2,6619.0,100.0
2015-12-08,465.8,154.6,79.1,6587.0,100.0
2015-12-09,553.7,150.8,73.0,5357.0,39.1
2015-12-10,523.0,154.8,77.7,6210.0,31.3
2015-12-11,489.7,155.3,80.4,6567.0,44.1
2015-12-12,464.8,156.0,81.4,6539.0,71.8
2015-12-13,456.6,155.6,81.3,6540.0,100.0
2015-12-14,454.2,155.2,80.3,6502.0,100.0
2015-12-15,452.5,154.1,79.8,6449.0,100.0
2015-12-16,451.8,153.0,79.5,6402.0,100.0
2015-12-17,450.1,153.4,79.0,6416.0,100.0
2015-12-18,448.8,152.7,77.9,6350.0,100.0
2015-12-19,447.1,152.5,78.4,6292.0,100.0
2015-12-20,445.3,152.1,77.8,6231.0,100.0
2015-12-21,444.9,151.6,77.4,6177.0,100.0
2015-12-22,443.9,151.5,78.6,6120.0,100.0
2015-12-23,440.3,150.9,77.3,6145.0,97.9
2015-12-24,438.7,150.4,77.7,6107.0,100.0
2015-12-25,437.6,150.8,79.4,6039.0,97.9
2015-12-26,436.7,150.4,79.5,6030.0,100.0
2015-12-27,437.1,149.7,78.5,5996.0,100.0
2015-12-28,435.6,149.4,78.1,5979.0,100.0
2015-12-29,434.9,148.5,77.8,5947.0,100.0
2015-12-30,434.4,147.9,78.3,5929.0,100.0
2015-12-31,434.0,148.5,78.4,5896.0,100.0
2016-01-01,433.6,149.0,79.3,5846.0,100.0
2016-01-02,435.5,147.3,77.6,5772.0,100.0
2016-01-03,583.5,137.8,65.5,4190.0,72.1
2016-01-04,520.7,140.0,67.3,4896.0,67.3
2016-01-05,437.0,147.6,78.9,6072.0,100.0
2016-01-06,436.9,174.6,78.9,6035.0,100.0
2016-01-07,435.4,208.7,78.3,6028.0,100.0
2016-01-08,437.6,210.0,78.6,6006.0,100.0
2016-01-09,439.0,209.4,78.4,6030.0,100.0
2016-01-10,439.9,209.5,78.3,6055.0,100.0
2016-01-11,442.7,211.1,80.0,6093.0,100.0
2016-01-12,443.7,213.3,80.7,6111.0,100.0
2016-01-13,477.3,212.3,80.2,5492.0,81.8
2016-01-14,449.6,213.9,81.1,5969.0,100.0
2016-01-15,444.4,213.1,80.7,6022.0,100.0
2016-01-16,441.5,212.0,81.0,5969.0,100.0
2016-01-17,439.0,214.9,81.2,5906.0,100.0
2016-01-18,439.2,213.0,80.9,5881.0,100.0
2016-01-19,440.8,212.3,81.0,5688.0,100.0
2016-01-20,449.1,212.6,79.9,5070.0,86.4
2016-01-21,460.0,212.9,80.5,5484.0,100.0
2016-01-22,455.4,210.3,79.1,5493.0,100.0
2016-01-23,442.1,211.5,79.0,5588.0,100.0
2016-01-24,433.0,212.2,80.2,5627.0,100.0
2016-01-25,475.8,209.6,77.4,4779.0,71.3
2016-01-26,477.1,208.1,75.1,5100.0,75.8
2016-01-27,433.3,212.7,81.4,5707.0,100.0
2016-01-28,431.5,210.6,78.9,5517.0,100.0
2016-01-29,430.7,209.4,76.7,5508.0,100.0
2016-01-30,430.6,209.0,77.3,5473.0,100.0
2016-01-31,428.3,211.0,81.0,5398.0,100.0
2016-02-01,429.1,210.2,78.4,5377.0,100.0
2016-02-02,429.4,208.8,78.0,5346.0,100.0
2016-02-03,429.8,210.1,80.5,5307.0,100.0
2016-02-04,466.8,209.5,78.9,4533.0,77.5
2016-02-05,438.1,210.8,78.3,5344.0,92.0
2016-02-06,427.3,221.6,79.4,5280.0,100.0
2016-02-07,427.6,289.8,78.0,5282.0,100.0
2016-02-08,428.2,291.2,79.4,5280.0,100.0
2016-02-09,429.6,292.0,80.6,5333.0,100.0
2016-02-10,432.8,293.5,81.3,5115.0,100.0
2016-02-11,439.5,292.1,80.7,5205.0,100.0
2016-02-12,440.7,291.1,78.8,4896.0,100.0
2016-02-13,441.0,293.4,80.8,4770.0,100.0
2016-02-14,443.0,292.0,80.7,4900.0,100.0
2016-02-15,441.5,291.2,80.7,4861.0,100.0
2016-02-16,441.5,289.5,77.6,4831.0,100.0
2016-02-17,442.2,288.7,77.6,4792.0,100.0
2016-02-18,441.6,293.0,80.5,4742.0,100.0
2016-02-19,439.2,290.1,78.0,4585.0,100.0
2016-02-20,435.8,289.0,79.3,4683.0,100.0
2016-02-21,436.0,288.6,80.0,4561.0,100.0
2016-02-22,430.6,289.9,80.9,4691.0,100.0
2016-02-23,432.3,289.7,80.3,4673.0,100.0
2016-02-24,433.3,290.9,80.5,4636.0,100.0
2016-02-25,438.9,291.9,80.7,4710.0,100.0
2016-02-26,427.3,295.4,81.4,5222.0,100.0
2016-02-27,429.1,295.8,81.3,5202.0,100.0
2016-02-28,432.2,296.1,81.6,5214.0,100.0
2016-02-29,433.6,293.6,79.4,5182.0,100.0
2016-03-01,434.7,290.5,79.1,5160.0,100.0
2016-03-02,433.3,295.4,81.4,5095.0,100.0
2016-03-03,432.5,295.6,81.7,5075.0,100.0
2016-03-04,431.7,295.2,81.3,5029.0,100.0
2016-03-05,430.1,295.6,81.4,4978.0,100.0
2016-03-06,429.5,295.0,81.2,4950.0,100.0
2016-03-07,428.5,294.3,81.5,4917.0,100.0
2016-03-08,429.0,294.1,80.3,4882.0,100.0
2016-03-09,429.1,293.5,80.7,4827.0,100.0
2016-03-10,428.7,293.8,80.8,4779.0,100.0
2016-03-11,428.3,292.4,79.9,4750.0,100.0
2016-03-12,423.4,291.8,79.2,4740.0,100.0
2016-03-13,430.8,293.2,79.2,4650.0,100.0
2016-03-14,419.1,295.8,81.4,4709.0,100.0
2016-03-15,418.2,294.0,81.7,4681.0,100.0
2016-03-16,417.9,300.2,81.6,4771.0,100.0
2016-03-17,417.3,339.8,81.7,4508.0,100.0
2016-03-18,419.1,329.1,81.7,4514.0,100.0
2016-03-19,417.4,328.7,81.6,4498.0,100.0
2016-03-20,418.3,328.2,81.7,4475.0,100.0
2016-03-21,420.7,328.2,81.7,4454.0,100.0
2016-03-22,420.1,329.5,81.8,4265.0,100.0
2016-03-23,421.4,331.4,81.6,4208.0,100.0
2016-03-24,422.4,329.0,79.7,4279.0,100.0
2016-03-25,420.3,328.8,81.0,4324.0,100.0
2016-03-26,423.1,325.8,78.8,4276.0,100.0
2016-03-27,425.7,325.4,77.7,4112.0,100.0
2016-03-28,425.9,327.1,80.2,4205.0,100.0
2016-03-29,424.1,328.9,81.4,4191.0,100.0
2016-03-30,423.7,330.5,81.4,4093.0,100.0
2016-03-31,425.9,329.3,81.2,3995.0,100.0
2016-04-01,427.1,326.6,79.4,3915.0,100.0
2016-04-02,426.8,328.7,79.6,3904.0,100.0
2016-04-03,425.0,329.0,80.4,3905.0,100.0
2016-04-04,420.9,329.6,80.8,3882.0,100.0
2016-04-05,418.6,328.7,80.9,3900.0,100.0
2016-04-06,430.0,324.5,77.8,3313.0,79.9
2016-04-07,416.5,329.6,81.6,3811.0,100.0
2016-04-08,409.9,330.5,81.5,3606.0,100.0
2016-04-09,408.9,329.1,81.2,3512.0,100.0
2016-04-10,408.0,327.8,80.2,3458.0,100.0
2016-04-11,407.7,329.6,80.6,3449.0,100.0
2016-04-12,406.9,329.4,80.3,3338.0,100.0
2016-04-13,406.8,328.3,80.8,3319.0,100.0
2016-04-14,406.5,329.6,81.4,3293.0,100.0
2016-04-15,406.4,328.3,81.2,3262.0,100.0
2016-04-16,469.8,325.9,80.1,156.0,6.4
2016-04-17,782.9,179.0,16.4,0.0,0.9
2016-04-18,530.0,278.8,60.8,1022.0,14.2
2016-04-19,415.4,325.4,82.5,1761.0,100.0
2016-04-20,421.9,326.5,82.3,914.0,54.7
2016-04-21,436.1,190.6,17.3,0.0,1.1
2016-04-22,732.9,170.3,14.7,0.0,1.0
2016-04-23,912.5,191.4,31.1,370.0,1.9
2016-04-24,485.1,314.5,77.5,2630.0,60.1
2016-04-25,414.3,327.2,82.3,2713.0,99.9
2016-04-26,410.6,326.0,82.5,2764.0,99.9
2016-04-27,409.0,325.9,82.5,2745.0,99.9
2016-04-28,407.3,325.9,82.1,2706.0,100.0
2016-04-29,408.9,322.9,81.3,2929.0,100.0
2016-04-30,408.6,323.6,82.1,2918.0,100.0
2016-05-01,410.9,321.0,80.2,2909.0,100.0
2016-05-02,412.8,320.6,80.1,3018.0,100.0
2016-05-03,408.9,323.0,81.6,2995.0,100.0
2016-05-04,410.4,322.2,81.2,2954.0,100.0
2016-05-05,409.5,321.5,81.1,2945.0,100.0
2016-05-06,411.2,322.9,81.2,2941.0,100.0
2016-05-07,411.1,324.6,82.2,2953.0,100.0
2016-05-08,414.0,323.2,82.0,2930.0,100.0
2016-05-09,412.9,323.4,81.0,2900.0,100.0
2016-05-10,412.2,324.4,82.8,2867.0,100.0
2016-05-11,411.9,323.9,82.9,2865.0,100.0
2016-05-12,411.8,324.3,82.7,2847.0,100.0
2016-05-13,412.0,320.9,82.2,2826.0,100.0
2016-05-14,412.1,320.5,81.7,2805.0,100.0
2016-05-15,415.7,322.4,81.8,2647.0,100.0
2016-05-16,412.3,324.4,82.5,2048.0,100.0
2016-05-17,412.2,324.9,82.5,2799.0,100.0
2016-05-18,412.0,325.0,82.3,2793.0,100.0
2016-05-19,411.7,322.6,82.3,2774.0,100.0
2016-05-20,411.4,323.6,81.8,2735.0,100.0
2016-05-21,411.5,322.6,81.8,2690.0,100.0
2016-05-22,410.6,325.2,82.2,2712.0,100.0
2016-05-23,410.4,323.8,82.6,2726.0,100.0
2016-05-24,410.4,321.1,82.3,2743.0,100.0
2016-05-25,410.0,323.4,82.6,2744.0,100.0
2016-05-26,409.6,326.6,82.7,2745.0,100.0
2016-05-27,408.9,326.7,82.7,2727.0,100.0
2016-05-28,408.7,325.6,82.8,2738.0,100.0
2016-05-29,408.7,325.3,82.6,2728.0,100.0
2016-05-30,408.6,324.5,83.0,2691.0,100.0
2016-05-31,408.8,322.9,82.7,2751.0,100.0
2016-06-01,408.8,321.8,82.6,2715.0,100.0
2016-06-02,409.0,323.4,82.5,2735.0,100.0
2016-06-03,408.5,324.6,83.1,2625.0,100.0
2016-06-04,408.6,322.7,82.8,2838.0,100.0
2016-06-05,408.5,323.6,82.7,2833.0,100.0
2016-06-06,408.5,327.2,82.7,2825.0,100.0
2016-06-07,408.6,325.8,82.7,2842.0,100.0
2016-06-08,432.5,319.1,80.3,2461.0,78.4
2016-06-09,411.3,323.9,82.9,2748.0,100.0
2016-06-10,410.5,325.5,83.1,2867.0,100.0
2016-06-11,409.8,327.7,83.1,2832.0,100.0
2016-06-12,409.1,324.9,82.9,2685.0,100.0
2016-06-13,408.6,325.7,83.4,2832.0,100.0
2016-06-14,408.3,324.4,82.8,2820.0,100.0
2016-06-15,408.3,323.5,83.1,2807.0,100.0
2016-06-16,408.3,323.9,83.2,2822.0,100.0
2016-06-17,408.2,326.4,83.2,2759.0,100.0
2016-06-18,408.5,322.1,82.6,2775.0,100.0
2016-06-19,408.6,324.9,82.9,2770.0,100.0
2016-06-20,408.9,323.8,81.6,2771.0,100.0
2016-06-21,408.4,326.5,82.5,2768.0,100.0
2016-06-22,408.7,324.6,81.9,2768.0,100.0
2016-06-23,408.6,325.7,82.7,2778.0,100.0
2016-06-24,408.1,328.2,83.4,2767.0,100.0
2016-06-25,408.0,328.1,83.4,2756.0,100.0
2016-06-26,408.1,325.4,83.2,2767.0,100.0
2016-06-27,408.1,324.9,82.9,2728.0,100.0
2016-06-28,408.5,325.8,81.9,2756.0,100.0
2016-06-29,408.0,326.0,82.7,2758.0,100.0
2016-06-30,408.3,325.3,82.1,2748.0,100.0
2016-07-01,409.5,325.4,82.2,2743.0,100.0
2016-07-02,408.0,325.9,82.6,2743.0,100.0
2016-07-03,407.6,325.8,82.9,2727.0,100.0
2016-07-04,407.5,326.7,83.3,2726.0,100.0
2016-07-05,407.4,326.9,83.4,2730.0,100.0
2016-07-06,407.4,325.3,83.3,2714.0,100.0
2016-07-07,407.7,325.4,82.1,2785.0,100.0
2016-07-08,407.8,325.7,82.1,2788.0,100.0
2016-07-09,413.4,325.2,82.3,2564.0,92.7
2016-07-10,408.4,325.5,81.3,2759.0,100.0
2016-07-11,413.3,325.6,81.6,2647.0,93.1
2016-07-12,410.0,323.5,83.4,2729.0,100.0
2016-07-13,412.6,322.6,83.2,2571.0,89.8
2016-07-14,395.5,324.6,83.4,2758.0,97.3
2016-07-15,352.5,328.0,84.2,2625.0,100.0
2016-07-16,361.1,325.7,82.8,2837.0,100.0
2016-07-17,410.6,321.4,80.8,2118.0,63.5
2016-07-18,368.0,328.7,84.3,2522.0,93.6
2016-07-19,365.7,328.6,83.7,2659.0,100.0
2016-07-20,365.1,326.0,81.9,2688.0,100.0
2016-07-21,363.7,327.1,84.1,2640.0,100.0
2016-07-22,363.5,328.6,84.2,2516.0,100.0
2016-07-23,361.0,327.3,83.4,2514.0,100.0
2016-07-24,357.9,324.3,83.7,2591.0,100.0
2016-07-25,357.7,323.5,82.3,2591.0,100.0
2016-07-26,356.3,324.3,83.1,2565.0,100.0
2016-07-27,356.6,324.1,83.1,2518.0,100.0
2016-07-28,357.5,323.4,83.1,2552.0,100.0
2016-07-29,357.2,324.8,84.1,2533.0,100.0
2016-07-30,356.5,323.4,84.5,2606.0,100.0
2016-07-31,356.7,322.3,84.2,2500.0,100.0
2016-08-01,356.5,321.6,84.3,2515.0,100.0
2016-08-02,357.0,323.1,84.1,2638.0,100.0
2016-08-03,365.6,321.3,83.2,2369.0,100.0
2016-08-04,382.9,323.4,83.6,2650.0,100.0
2016-08-05,383.2,321.4,83.9,2457.0,100.0
2016-08-06,383.7,322.9,83.6,2380.0,100.0
2016-08-07,385.0,319.5,79.7,2552.0,100.0
2016-08-08,385.1,316.9,81.0,2412.0,100.0
2016-08-09,394.1,316.9,82.6,2297.0,92.9
2016-08-10,386.4,320.3,83.3,2421.0,98.4
2016-08-11,387.7,321.6,82.2,2397.0,98.4
2016-08-12,388.4,320.2,81.5,2456.0,98.5
2016-08-13,387.4,320.7,83.1,2472.0,98.4
2016-08-14,389.1,322.2,84.0,2512.0,98.4
2016-08-15,390.9,325.1,84.1,2591.0,98.4
2016-08-16,393.0,326.0,84.1,2677.0,98.4
2016-08-17,393.2,326.3,84.1,2596.0,98.4
2016-08-18,393.2,326.4,84.2,2667.0,98.5
2016-08-19,393.2,325.2,84.2,2707.0,98.4
2016-08-20,393.6,322.1,83.3,2649.0,98.5
2016-08-21,393.8,322.6,83.7,2721.0,98.5
2016-08-22,394.1,324.9,84.3,2724.0,98.5
2016-08-23,394.7,325.6,84.1,2781.0,99.2
2016-08-24,395.0,324.7,83.9,2761.0,100.0
2016-08-25,394.5,325.7,84.4,2794.0,100.0
2016-08-26,394.2,324.5,83.5,2879.0,100.0
2016-08-27,391.8,326.5,84.3,3271.0,100.0
2016-08-28,391.9,326.5,84.5,3193.0,100.0
2016-08-29,390.9,326.3,84.5,3153.0,100.0
2016-08-30,388.0,326.6,81.7,2999.0,100.0
2016-08-31,387.6,326.1,80.8,2997.0,100.0
2016-09-01,387.0,326.6,82.9,3099.0,100.0
2016-09-02,386.0,327.1,82.3,3059.0,100.0
2016-09-03,386.6,328.4,83.2,3086.0,97.9
2016-09-04,386.5,328.0,84.8,3090.0,100.0
2016-09-05,387.7,328.2,84.3,3101.0,97.9
2016-09-06,388.7,327.1,81.8,3131.0,100.0
2016-09-07,387.9,329.1,84.7,3128.0,100.0
2016-09-08,388.6,327.5,83.1,3156.0,100.0
2016-09-09,389.7,326.9,82.4,3160.0,100.0
2016-09-10,390.1,327.8,82.6,3195.0,100.0
2016-09-11,391.1,327.5,81.8,3197.0,100.0
2016-09-12,391.3,325.7,83.8,3207.0,100.0
2016-09-13,391.6,327.3,83.8,3109.0,100.0
2016-09-14,390.9,329.5,84.8,3185.0,100.0
2016-09-15,390.2,327.5,82.6,3245.0,100.0
2016-09-16,389.7,327.4,83.6,3234.0,100.0
2016-09-17,398.3,328.3,85.0,1136.0,73.8
